date,order_id,product,quantity,amount,status
2026-02-01,ORD-1000,Torba bawełniana,1,39.99,completed
2026-02-01,ORD-1001,Kubek ceramiczny,1,49.99,refunded
2026-02-01,ORD-1002,Torba bawełniana,1,39.99,completed
2026-02-01,ORD-1003,Bidon sportowy,1,34.99,completed
2026-02-01,ORD-1004,Koszulka Premium,2,159.98,completed
2026-02-01,ORD-1005,Notatnik A5,1,29.99,refunded
2026-02-01,ORD-1006,Kubek ceramiczny,1,49.99,completed
2026-02-01,ORD-1007,Notatnik A5,2,59.98,completed
2026-02-01,ORD-1008,Bidon sportowy,1,34.99,completed
2026-02-01,ORD-1009,Plecak miejski,1,149.99,refunded
2026-02-01,ORD-1010,Torba bawełniana,2,79.98,cancelled
2026-02-01,ORD-1011,Kubek ceramiczny,1,49.99,completed
2026-02-01,ORD-1012,Długopis metalowy,1,19.99,completed
2026-02-01,ORD-1013,Kubek ceramiczny,2,99.98,completed
2026-02-01,ORD-1014,Długopis metalowy,1,19.99,completed
2026-02-01,ORD-1015,Torba bawełniana,2,79.98,completed
2026-02-01,ORD-1016,Torba bawełniana,2,79.98,completed
2026-02-01,ORD-1017,Kubek ceramiczny,1,49.99,completed
2026-02-01,ORD-1018,Plecak miejski,1,149.99,completed
2026-02-01,ORD-1019,Czapka z daszkiem,1,59.99,completed
2026-02-01,ORD-1020,Notatnik A5,2,59.98,completed
2026-02-01,ORD-1021,Plecak miejski,1,149.99,cancelled
2026-02-01,ORD-1022,Kubek ceramiczny,2,99.98,completed
2026-02-01,ORD-1023,Długopis metalowy,2,39.98,refunded
2026-02-01,ORD-1024,Bidon sportowy,1,34.99,completed
2026-02-02,ORD-1025,Koszulka Premium,2,159.98,completed
2026-02-02,ORD-1026,Notatnik A5,2,59.98,completed
2026-02-02,ORD-1027,Długopis metalowy,1,19.99,refunded
2026-02-02,ORD-1028,Notatnik A5,4,119.96,completed
2026-02-02,ORD-1029,Kubek ceramiczny,3,149.97,completed
2026-02-02,ORD-1030,Torba bawełniana,1,39.99,completed
2026-02-02,ORD-1031,Koszulka Premium,1,79.99,refunded
2026-02-02,ORD-1032,Plecak miejski,3,449.97,completed
2026-02-02,ORD-1033,Koszulka Premium,1,79.99,refunded
2026-02-02,ORD-1034,Czapka z daszkiem,2,119.98,refunded
2026-02-03,ORD-1035,Długopis metalowy,1,19.99,completed
2026-02-03,ORD-1036,Torba bawełniana,3,119.97,completed
2026-02-03,ORD-1037,Notatnik A5,1,29.99,completed
2026-02-03,ORD-1038,Czapka z daszkiem,1,59.99,completed
2026-02-03,ORD-1039,Torba bawełniana,1,39.99,completed
2026-02-03,ORD-1040,Koszulka Premium,1,79.99,completed
2026-02-04,ORD-1041,Torba bawełniana,1,39.99,completed
2026-02-04,ORD-1042,Czapka z daszkiem,1,59.99,completed
2026-02-04,ORD-1043,Kubek ceramiczny,1,49.99,completed
2026-02-05,ORD-1044,Kubek ceramiczny,1,49.99,completed
2026-02-05,ORD-1045,Kubek ceramiczny,1,49.99,completed
2026-02-05,ORD-1046,Bidon sportowy,1,34.99,completed
2026-02-05,ORD-1047,Kubek ceramiczny,1,49.99,completed
2026-02-05,ORD-1048,Koszulka Premium,2,159.98,refunded
2026-02-05,ORD-1049,Kubek ceramiczny,3,149.97,completed
2026-02-05,ORD-1050,Czapka z daszkiem,1,59.99,completed
2026-02-05,ORD-1051,Długopis metalowy,1,19.99,cancelled
2026-02-05,ORD-1052,Czapka z daszkiem,1,59.99,completed
2026-02-05,ORD-1053,Czapka z daszkiem,1,59.99,completed
2026-02-05,ORD-1054,Koszulka Premium,2,159.98,completed
2026-02-06,ORD-1055,Długopis metalowy,1,19.99,completed
2026-02-06,ORD-1056,Kubek ceramiczny,1,49.99,completed
2026-02-06,ORD-1057,Kubek ceramiczny,3,149.97,completed
2026-02-06,ORD-1058,Koszulka Premium,2,159.98,completed
2026-02-06,ORD-1059,Plecak miejski,3,449.97,completed
2026-02-06,ORD-1060,Torba bawełniana,1,39.99,completed
2026-02-07,ORD-1061,Koszulka Premium,1,79.99,cancelled
2026-02-07,ORD-1062,Kubek ceramiczny,1,49.99,completed
2026-02-07,ORD-1063,Plecak miejski,3,449.97,completed
2026-02-07,ORD-1064,Długopis metalowy,1,19.99,completed
2026-02-07,ORD-1065,Koszulka Premium,2,159.98,completed
2026-02-07,ORD-1066,Kubek ceramiczny,3,149.97,refunded
2026-02-07,ORD-1067,Kubek ceramiczny,2,99.98,completed
2026-02-07,ORD-1068,Torba bawełniana,2,79.98,completed
2026-02-07,ORD-1069,Notatnik A5,1,29.99,completed
2026-02-07,ORD-1070,Koszulka Premium,1,79.99,completed
2026-02-07,ORD-1071,Koszulka Premium,1,79.99,completed
2026-02-07,ORD-1072,Długopis metalowy,2,39.98,completed
2026-02-07,ORD-1073,Koszulka Premium,1,79.99,completed
2026-02-07,ORD-1074,Długopis metalowy,1,19.99,completed
2026-02-07,ORD-1075,Długopis metalowy,1,19.99,completed
2026-02-07,ORD-1076,Koszulka Premium,3,239.97,completed
2026-02-07,ORD-1077,Kubek ceramiczny,1,49.99,completed
2026-02-07,ORD-1078,Długopis metalowy,3,59.97,refunded
2026-02-07,ORD-1079,Długopis metalowy,3,59.97,completed
2026-02-07,ORD-1080,Plecak miejski,2,299.98,completed
2026-02-07,ORD-1081,Torba bawełniana,1,39.99,refunded
2026-02-07,ORD-1082,Koszulka Premium,3,239.97,completed
2026-02-07,ORD-1083,Czapka z daszkiem,1,59.99,completed
2026-02-07,ORD-1084,Torba bawełniana,1,39.99,completed
2026-02-07,ORD-1085,Kubek ceramiczny,4,199.96,completed
2026-02-07,ORD-1086,Bidon sportowy,2,69.98,completed
2026-02-07,ORD-1087,Koszulka Premium,1,79.99,refunded
2026-02-07,ORD-1088,Notatnik A5,1,29.99,completed
2026-02-07,ORD-1089,Plecak miejski,1,149.99,cancelled
2026-02-07,ORD-1090,Torba bawełniana,1,39.99,refunded
2026-02-07,ORD-1091,Torba bawełniana,1,39.99,completed
2026-02-07,ORD-1092,Plecak miejski,2,299.98,completed
2026-02-08,ORD-1093,Notatnik A5,2,59.98,completed
2026-02-08,ORD-1094,Długopis metalowy,1,19.99,completed
2026-02-08,ORD-1095,Długopis metalowy,2,39.98,completed
2026-02-08,ORD-1096,Koszulka Premium,1,79.99,completed
2026-02-08,ORD-1097,Plecak miejski,1,149.99,completed
2026-02-08,ORD-1098,Czapka z daszkiem,2,119.98,refunded
2026-02-08,ORD-1099,Kubek ceramiczny,1,49.99,completed
2026-02-08,ORD-1100,Kubek ceramiczny,2,99.98,completed
2026-02-08,ORD-1101,Torba bawełniana,2,79.98,refunded
2026-02-08,ORD-1102,Czapka z daszkiem,2,119.98,completed
2026-02-08,ORD-1103,Torba bawełniana,2,79.98,completed
2026-02-08,ORD-1104,Długopis metalowy,2,39.98,completed
2026-02-08,ORD-1105,Kubek ceramiczny,2,99.98,completed
2026-02-08,ORD-1106,Czapka z daszkiem,1,59.99,completed
2026-02-09,ORD-1107,Plecak miejski,4,599.96,completed
2026-02-09,ORD-1108,Bidon sportowy,2,69.98,completed
2026-02-09,ORD-1109,Czapka z daszkiem,1,59.99,completed
2026-02-09,ORD-1110,Notatnik A5,2,59.98,completed
2026-02-09,ORD-1111,Notatnik A5,1,29.99,completed
2026-02-09,ORD-1112,Plecak miejski,1,149.99,completed
2026-02-09,ORD-1113,Torba bawełniana,1,39.99,completed
2026-02-09,ORD-1114,Bidon sportowy,1,34.99,completed
2026-02-09,ORD-1115,Torba bawełniana,2,79.98,completed
2026-02-09,ORD-1116,Koszulka Premium,3,239.97,completed
2026-02-09,ORD-1117,Koszulka Premium,3,239.97,completed
2026-02-10,ORD-1118,Bidon sportowy,1,34.99,completed
2026-02-10,ORD-1119,Torba bawełniana,1,39.99,completed
2026-02-10,ORD-1120,Bidon sportowy,1,34.99,completed
2026-02-10,ORD-1121,Długopis metalowy,2,39.98,completed
2026-02-10,ORD-1122,Koszulka Premium,3,239.97,completed
2026-02-10,ORD-1123,Kubek ceramiczny,2,99.98,completed
2026-02-10,ORD-1124,Koszulka Premium,1,79.99,completed
2026-02-11,ORD-1125,Bidon sportowy,1,34.99,refunded
2026-02-11,ORD-1126,Koszulka Premium,4,319.96,completed
2026-02-11,ORD-1127,Koszulka Premium,2,159.98,completed
2026-02-11,ORD-1128,Koszulka Premium,2,159.98,completed
2026-02-11,ORD-1129,Kubek ceramiczny,1,49.99,completed
2026-02-11,ORD-1130,Plecak miejski,1,149.99,completed
2026-02-11,ORD-1131,Kubek ceramiczny,2,99.98,completed
2026-02-11,ORD-1132,Koszulka Premium,3,239.97,completed
2026-02-11,ORD-1133,Bidon sportowy,1,34.99,refunded
2026-02-11,ORD-1134,Torba bawełniana,1,39.99,completed
2026-02-11,ORD-1135,Kubek ceramiczny,2,99.98,refunded
2026-02-11,ORD-1136,Bidon sportowy,2,69.98,completed
2026-02-11,ORD-1137,Koszulka Premium,2,159.98,refunded
2026-02-12,ORD-1138,Czapka z daszkiem,2,119.98,completed
2026-02-12,ORD-1139,Notatnik A5,2,59.98,completed
2026-02-12,ORD-1140,Czapka z daszkiem,1,59.99,completed
2026-02-12,ORD-1141,Torba bawełniana,2,79.98,completed
2026-02-12,ORD-1142,Torba bawełniana,2,79.98,completed
2026-02-12,ORD-1143,Plecak miejski,1,149.99,completed
2026-02-12,ORD-1144,Torba bawełniana,1,39.99,completed
2026-02-12,ORD-1145,Notatnik A5,1,29.99,completed
2026-02-12,ORD-1146,Torba bawełniana,2,79.98,completed
2026-02-12,ORD-1147,Czapka z daszkiem,2,119.98,completed
2026-02-12,ORD-1148,Kubek ceramiczny,1,49.99,completed
2026-02-13,ORD-1149,Plecak miejski,1,149.99,completed
2026-02-13,ORD-1150,Czapka z daszkiem,1,59.99,completed
2026-02-13,ORD-1151,Torba bawełniana,1,39.99,completed
2026-02-13,ORD-1152,Długopis metalowy,1,19.99,completed
2026-02-13,ORD-1153,Notatnik A5,4,119.96,completed
2026-02-13,ORD-1154,Plecak miejski,1,149.99,completed
2026-02-13,ORD-1155,Notatnik A5,1,29.99,completed
2026-02-13,ORD-1156,Długopis metalowy,2,39.98,refunded
2026-02-14,ORD-1157,Notatnik A5,1,29.99,completed
2026-02-14,ORD-1158,Koszulka Premium,1,79.99,refunded
2026-02-14,ORD-1159,Kubek ceramiczny,1,49.99,completed
2026-02-14,ORD-1160,Koszulka Premium,1,79.99,completed
2026-02-14,ORD-1161,Kubek ceramiczny,4,199.96,completed
2026-02-14,ORD-1162,Torba bawełniana,2,79.98,completed
2026-02-14,ORD-1163,Notatnik A5,3,89.97,cancelled
2026-02-14,ORD-1164,Koszulka Premium,2,159.98,completed
2026-02-14,ORD-1165,Torba bawełniana,2,79.98,refunded
2026-02-14,ORD-1166,Torba bawełniana,1,39.99,refunded
2026-02-14,ORD-1167,Czapka z daszkiem,2,119.98,refunded
2026-02-14,ORD-1168,Notatnik A5,2,59.98,completed
2026-02-14,ORD-1169,Torba bawełniana,3,119.97,completed
2026-02-14,ORD-1170,Torba bawełniana,1,39.99,completed
2026-02-14,ORD-1171,Notatnik A5,2,59.98,completed
2026-02-14,ORD-1172,Notatnik A5,1,29.99,completed
2026-02-14,ORD-1173,Czapka z daszkiem,1,59.99,completed
2026-02-14,ORD-1174,Notatnik A5,1,29.99,refunded
2026-02-14,ORD-1175,Koszulka Premium,3,239.97,completed
2026-02-14,ORD-1176,Koszulka Premium,1,79.99,refunded
2026-02-14,ORD-1177,Koszulka Premium,4,319.96,completed
2026-02-15,ORD-1178,Czapka z daszkiem,3,179.97,completed
2026-02-15,ORD-1179,Czapka z daszkiem,4,239.96,completed
2026-02-15,ORD-1180,Plecak miejski,2,299.98,completed
2026-02-15,ORD-1181,Czapka z daszkiem,1,59.99,completed
2026-02-15,ORD-1182,Koszulka Premium,1,79.99,completed
2026-02-15,ORD-1183,Bidon sportowy,3,104.97,refunded
2026-02-15,ORD-1184,Czapka z daszkiem,1,59.99,completed
2026-02-15,ORD-1185,Czapka z daszkiem,2,119.98,completed
2026-02-15,ORD-1186,Długopis metalowy,3,59.97,completed
2026-02-15,ORD-1187,Kubek ceramiczny,1,49.99,completed
2026-02-15,ORD-1188,Długopis metalowy,1,19.99,completed
2026-02-15,ORD-1189,Torba bawełniana,4,159.96,completed
2026-02-15,ORD-1190,Kubek ceramiczny,2,99.98,completed
2026-02-15,ORD-1191,Notatnik A5,1,29.99,completed
2026-02-15,ORD-1192,Czapka z daszkiem,1,59.99,completed
2026-02-15,ORD-1193,Długopis metalowy,3,59.97,completed
2026-02-16,ORD-1194,Notatnik A5,2,59.98,completed
2026-02-16,ORD-1195,Czapka z daszkiem,3,179.97,completed
2026-02-16,ORD-1196,Plecak miejski,1,149.99,completed
2026-02-16,ORD-1197,Plecak miejski,3,449.97,refunded
2026-02-16,ORD-1198,Bidon sportowy,1,34.99,refunded
2026-02-16,ORD-1199,Czapka z daszkiem,2,119.98,completed
2026-02-17,ORD-1200,Czapka z daszkiem,4,239.96,completed
2026-02-17,ORD-1201,Plecak miejski,3,449.97,completed
2026-02-17,ORD-1202,Czapka z daszkiem,1,59.99,completed
2026-02-17,ORD-1203,Długopis metalowy,1,19.99,completed
2026-02-17,ORD-1204,Bidon sportowy,2,69.98,completed
2026-02-17,ORD-1205,Bidon sportowy,4,139.96,completed
2026-02-17,ORD-1206,Czapka z daszkiem,3,179.97,refunded
2026-02-17,ORD-1207,Notatnik A5,4,119.96,completed
2026-02-17,ORD-1208,Kubek ceramiczny,2,99.98,refunded
2026-02-17,ORD-1209,Długopis metalowy,2,39.98,refunded
2026-02-17,ORD-1210,Koszulka Premium,1,79.99,refunded
2026-02-17,ORD-1211,Bidon sportowy,1,34.99,completed
2026-02-17,ORD-1212,Kubek ceramiczny,2,99.98,completed
2026-02-17,ORD-1213,Czapka z daszkiem,3,179.97,completed
2026-02-17,ORD-1214,Notatnik A5,1,29.99,completed
2026-02-17,ORD-1215,Czapka z daszkiem,3,179.97,completed
2026-02-17,ORD-1216,Czapka z daszkiem,3,179.97,cancelled
2026-02-18,ORD-1217,Notatnik A5,1,29.99,completed
2026-02-18,ORD-1218,Czapka z daszkiem,1,59.99,completed
2026-02-19,ORD-1219,Bidon sportowy,1,34.99,completed
2026-02-19,ORD-1220,Koszulka Premium,3,239.97,completed
2026-02-19,ORD-1221,Notatnik A5,2,59.98,completed
2026-02-19,ORD-1222,Torba bawełniana,2,79.98,completed
2026-02-19,ORD-1223,Długopis metalowy,2,39.98,completed
2026-02-19,ORD-1224,Notatnik A5,2,59.98,completed
2026-02-19,ORD-1225,Długopis metalowy,1,19.99,completed
2026-02-19,ORD-1226,Długopis metalowy,1,19.99,completed
2026-02-19,ORD-1227,Plecak miejski,1,149.99,completed
2026-02-19,ORD-1228,Notatnik A5,3,89.97,completed
2026-02-19,ORD-1229,Notatnik A5,2,59.98,refunded
2026-02-20,ORD-1230,Długopis metalowy,2,39.98,completed
2026-02-20,ORD-1231,Bidon sportowy,4,139.96,completed
2026-02-20,ORD-1232,Bidon sportowy,1,34.99,completed
2026-02-20,ORD-1233,Notatnik A5,1,29.99,completed
2026-02-20,ORD-1234,Kubek ceramiczny,2,99.98,completed
2026-02-20,ORD-1235,Plecak miejski,3,449.97,refunded
2026-02-20,ORD-1236,Czapka z daszkiem,3,179.97,completed
2026-02-20,ORD-1237,Długopis metalowy,1,19.99,completed
2026-02-20,ORD-1238,Kubek ceramiczny,1,49.99,completed
2026-02-20,ORD-1239,Czapka z daszkiem,1,59.99,completed
2026-02-20,ORD-1240,Bidon sportowy,1,34.99,completed
2026-02-20,ORD-1241,Kubek ceramiczny,2,99.98,completed
2026-02-21,ORD-1242,Czapka z daszkiem,4,239.96,completed
2026-02-21,ORD-1243,Plecak miejski,1,149.99,refunded
2026-02-21,ORD-1244,Bidon sportowy,1,34.99,refunded
2026-02-21,ORD-1245,Czapka z daszkiem,1,59.99,completed
2026-02-21,ORD-1246,Koszulka Premium,1,79.99,completed
2026-02-21,ORD-1247,Torba bawełniana,1,39.99,completed
2026-02-21,ORD-1248,Torba bawełniana,2,79.98,completed
2026-02-21,ORD-1249,Koszulka Premium,1,79.99,cancelled
2026-02-21,ORD-1250,Notatnik A5,2,59.98,completed
2026-02-21,ORD-1251,Długopis metalowy,1,19.99,completed
2026-02-21,ORD-1252,Plecak miejski,1,149.99,completed
2026-02-21,ORD-1253,Bidon sportowy,1,34.99,completed
2026-02-21,ORD-1254,Plecak miejski,1,149.99,completed
2026-02-21,ORD-1255,Koszulka Premium,2,159.98,completed
2026-02-21,ORD-1256,Notatnik A5,1,29.99,refunded
2026-02-21,ORD-1257,Czapka z daszkiem,2,119.98,completed
2026-02-22,ORD-1258,Czapka z daszkiem,1,59.99,completed
2026-02-22,ORD-1259,Kubek ceramiczny,1,49.99,completed
2026-02-22,ORD-1260,Plecak miejski,1,149.99,completed
2026-02-22,ORD-1261,Bidon sportowy,1,34.99,completed
2026-02-22,ORD-1262,Torba bawełniana,1,39.99,completed
2026-02-22,ORD-1263,Czapka z daszkiem,1,59.99,completed
2026-02-22,ORD-1264,Plecak miejski,2,299.98,completed
2026-02-22,ORD-1265,Czapka z daszkiem,1,59.99,completed
2026-02-22,ORD-1266,Kubek ceramiczny,2,99.98,completed
2026-02-22,ORD-1267,Koszulka Premium,1,79.99,completed
2026-02-22,ORD-1268,Kubek ceramiczny,1,49.99,completed
2026-02-22,ORD-1269,Bidon sportowy,3,104.97,completed
2026-02-22,ORD-1270,Notatnik A5,1,29.99,completed
2026-02-22,ORD-1271,Czapka z daszkiem,1,59.99,completed
2026-02-22,ORD-1272,Plecak miejski,1,149.99,completed
2026-02-23,ORD-1273,Koszulka Premium,2,159.98,completed
2026-02-23,ORD-1274,Koszulka Premium,1,79.99,completed
2026-02-23,ORD-1275,Plecak miejski,1,149.99,completed
2026-02-23,ORD-1276,Bidon sportowy,1,34.99,completed
2026-02-24,ORD-1277,Torba bawełniana,1,39.99,completed
2026-02-24,ORD-1278,Notatnik A5,2,59.98,completed
2026-02-24,ORD-1279,Kubek ceramiczny,3,149.97,completed
2026-02-24,ORD-1280,Koszulka Premium,2,159.98,completed
2026-02-24,ORD-1281,Czapka z daszkiem,2,119.98,completed
2026-02-24,ORD-1282,Kubek ceramiczny,1,49.99,completed
2026-02-24,ORD-1283,Czapka z daszkiem,1,59.99,completed
2026-02-24,ORD-1284,Koszulka Premium,1,79.99,completed
2026-02-25,ORD-1285,Koszulka Premium,1,79.99,refunded
2026-02-25,ORD-1286,Torba bawełniana,1,39.99,completed
2026-02-25,ORD-1287,Kubek ceramiczny,1,49.99,completed
2026-02-25,ORD-1288,Czapka z daszkiem,3,179.97,completed
2026-02-25,ORD-1289,Bidon sportowy,2,69.98,completed
2026-02-25,ORD-1290,Koszulka Premium,4,319.96,completed
2026-02-25,ORD-1291,Czapka z daszkiem,2,119.98,completed
2026-02-25,ORD-1292,Kubek ceramiczny,1,49.99,completed
2026-02-25,ORD-1293,Bidon sportowy,3,104.97,completed
2026-02-25,ORD-1294,Długopis metalowy,1,19.99,completed
2026-02-26,ORD-1295,Plecak miejski,1,149.99,refunded
2026-02-26,ORD-1296,Długopis metalowy,1,19.99,completed
2026-02-26,ORD-1297,Długopis metalowy,2,39.98,refunded
2026-02-26,ORD-1298,Czapka z daszkiem,1,59.99,completed
2026-02-26,ORD-1299,Plecak miejski,3,449.97,completed
2026-02-26,ORD-1300,Kubek ceramiczny,1,49.99,completed
2026-02-26,ORD-1301,Koszulka Premium,1,79.99,completed
2026-02-26,ORD-1302,Koszulka Premium,1,79.99,refunded
2026-02-26,ORD-1303,Kubek ceramiczny,2,99.98,completed
2026-02-26,ORD-1304,Koszulka Premium,1,79.99,completed
2026-02-26,ORD-1305,Plecak miejski,2,299.98,completed
2026-02-26,ORD-1306,Czapka z daszkiem,1,59.99,completed
2026-02-26,ORD-1307,Kubek ceramiczny,1,49.99,completed
2026-02-26,ORD-1308,Czapka z daszkiem,4,239.96,completed
2026-02-27,ORD-1309,Plecak miejski,2,299.98,completed
2026-02-27,ORD-1310,Plecak miejski,1,149.99,completed
2026-02-27,ORD-1311,Notatnik A5,1,29.99,completed
2026-02-27,ORD-1312,Długopis metalowy,1,19.99,refunded
2026-02-27,ORD-1313,Plecak miejski,1,149.99,completed
2026-02-27,ORD-1314,Długopis metalowy,1,19.99,completed
2026-02-27,ORD-1315,Bidon sportowy,2,69.98,completed
2026-02-27,ORD-1316,Kubek ceramiczny,2,99.98,completed
2026-02-27,ORD-1317,Plecak miejski,1,149.99,completed
2026-02-27,ORD-1318,Czapka z daszkiem,1,59.99,cancelled
2026-02-27,ORD-1319,Notatnik A5,2,59.98,completed
2026-02-27,ORD-1320,Koszulka Premium,2,159.98,completed
2026-02-27,ORD-1321,Bidon sportowy,1,34.99,completed
2026-02-27,ORD-1322,Długopis metalowy,2,39.98,completed
2026-02-28,ORD-1323,Czapka z daszkiem,2,119.98,completed
2026-02-28,ORD-1324,Torba bawełniana,1,39.99,completed
2026-02-28,ORD-1325,Czapka z daszkiem,3,179.97,completed
2026-02-28,ORD-1326,Czapka z daszkiem,1,59.99,completed
2026-02-28,ORD-1327,Bidon sportowy,4,139.96,completed
2026-02-28,ORD-1328,Długopis metalowy,3,59.97,completed
2026-02-28,ORD-1329,Plecak miejski,1,149.99,completed
2026-02-28,ORD-1330,Kubek ceramiczny,1,49.99,completed
2026-02-28,ORD-1331,Długopis metalowy,2,39.98,completed
2026-02-28,ORD-1332,Czapka z daszkiem,3,179.97,completed
2026-02-28,ORD-1333,Bidon sportowy,1,34.99,completed
2026-02-28,ORD-1334,Plecak miejski,1,149.99,completed
2026-02-28,ORD-1335,Plecak miejski,2,299.98,completed
2026-02-28,ORD-1336,Czapka z daszkiem,2,119.98,completed
2026-02-28,ORD-1337,Czapka z daszkiem,2,119.98,refunded
2026-02-28,ORD-1338,Torba bawełniana,2,79.98,completed
2026-02-28,ORD-1339,Bidon sportowy,1,34.99,completed
2026-03-01,ORD-1340,Czapka z daszkiem,1,59.99,completed
2026-03-01,ORD-1341,Koszulka Premium,2,159.98,completed
2026-03-01,ORD-1342,Notatnik A5,1,29.99,completed
2026-03-01,ORD-1343,Bidon sportowy,1,34.99,completed
2026-03-01,ORD-1344,Plecak miejski,1,149.99,completed
2026-03-01,ORD-1345,Koszulka Premium,1,79.99,completed
2026-03-01,ORD-1346,Plecak miejski,1,149.99,completed
2026-03-01,ORD-1347,Plecak miejski,1,149.99,completed
2026-03-01,ORD-1348,Plecak miejski,1,149.99,completed
2026-03-02,ORD-1349,Czapka z daszkiem,4,239.96,completed
2026-03-02,ORD-1350,Długopis metalowy,1,19.99,completed
2026-03-02,ORD-1351,Notatnik A5,1,29.99,completed
2026-03-02,ORD-1352,Plecak miejski,3,449.97,completed
2026-03-02,ORD-1353,Czapka z daszkiem,1,59.99,completed
2026-03-02,ORD-1354,Plecak miejski,3,449.97,completed
2026-03-02,ORD-1355,Notatnik A5,1,29.99,completed
2026-03-02,ORD-1356,Czapka z daszkiem,3,179.97,completed
2026-03-02,ORD-1357,Czapka z daszkiem,2,119.98,completed
2026-03-02,ORD-1358,Notatnik A5,2,59.98,refunded
2026-03-02,ORD-1359,Długopis metalowy,1,19.99,refunded
2026-03-02,ORD-1360,Notatnik A5,1,29.99,completed
2026-03-02,ORD-1361,Czapka z daszkiem,1,59.99,completed
2026-03-02,ORD-1362,Plecak miejski,2,299.98,completed
2026-03-02,ORD-1363,Koszulka Premium,1,79.99,completed
2026-03-02,ORD-1364,Długopis metalowy,4,79.96,completed
2026-03-02,ORD-1365,Czapka z daszkiem,1,59.99,completed
2026-03-03,ORD-1366,Długopis metalowy,2,39.98,completed
2026-03-03,ORD-1367,Kubek ceramiczny,1,49.99,completed
2026-03-03,ORD-1368,Notatnik A5,1,29.99,completed
2026-03-03,ORD-1369,Czapka z daszkiem,1,59.99,completed
2026-03-03,ORD-1370,Notatnik A5,2,59.98,completed
2026-03-03,ORD-1371,Czapka z daszkiem,1,59.99,completed
2026-03-03,ORD-1372,Długopis metalowy,3,59.97,refunded
2026-03-03,ORD-1373,Plecak miejski,2,299.98,completed
2026-03-03,ORD-1374,Notatnik A5,3,89.97,completed
2026-03-04,ORD-1375,Długopis metalowy,2,39.98,refunded
2026-03-04,ORD-1376,Torba bawełniana,2,79.98,completed
2026-03-04,ORD-1377,Plecak miejski,1,149.99,completed
2026-03-04,ORD-1378,Długopis metalowy,2,39.98,completed
2026-03-04,ORD-1379,Czapka z daszkiem,1,59.99,completed
2026-03-04,ORD-1380,Kubek ceramiczny,1,49.99,refunded
2026-03-04,ORD-1381,Czapka z daszkiem,2,119.98,completed
2026-03-04,ORD-1382,Długopis metalowy,2,39.98,completed
2026-03-04,ORD-1383,Koszulka Premium,2,159.98,completed
2026-03-04,ORD-1384,Długopis metalowy,1,19.99,completed
2026-03-04,ORD-1385,Notatnik A5,2,59.98,completed
2026-03-04,ORD-1386,Notatnik A5,1,29.99,completed
2026-03-04,ORD-1387,Długopis metalowy,1,19.99,refunded
2026-03-04,ORD-1388,Plecak miejski,2,299.98,completed
2026-03-04,ORD-1389,Koszulka Premium,1,79.99,completed
2026-03-04,ORD-1390,Notatnik A5,2,59.98,completed
2026-03-04,ORD-1391,Koszulka Premium,1,79.99,completed
2026-03-04,ORD-1392,Notatnik A5,1,29.99,completed
2026-03-04,ORD-1393,Notatnik A5,1,29.99,refunded
2026-03-04,ORD-1394,Bidon sportowy,1,34.99,completed
2026-03-04,ORD-1395,Plecak miejski,3,449.97,completed
2026-03-05,ORD-1396,Kubek ceramiczny,1,49.99,completed
2026-03-05,ORD-1397,Torba bawełniana,1,39.99,completed
2026-03-05,ORD-1398,Bidon sportowy,1,34.99,completed
2026-03-05,ORD-1399,Plecak miejski,3,449.97,completed
2026-03-05,ORD-1400,Długopis metalowy,1,19.99,completed
2026-03-05,ORD-1401,Notatnik A5,1,29.99,completed
2026-03-05,ORD-1402,Czapka z daszkiem,4,239.96,completed
2026-03-06,ORD-1403,Czapka z daszkiem,1,59.99,completed
2026-03-06,ORD-1404,Notatnik A5,1,29.99,completed
2026-03-06,ORD-1405,Notatnik A5,2,59.98,completed
2026-03-06,ORD-1406,Bidon sportowy,1,34.99,completed
2026-03-06,ORD-1407,Notatnik A5,1,29.99,completed
2026-03-06,ORD-1408,Notatnik A5,2,59.98,completed
2026-03-06,ORD-1409,Długopis metalowy,4,79.96,completed
2026-03-06,ORD-1410,Plecak miejski,1,149.99,completed
2026-03-06,ORD-1411,Bidon sportowy,1,34.99,completed
2026-03-06,ORD-1412,Plecak miejski,2,299.98,completed
2026-03-06,ORD-1413,Długopis metalowy,1,19.99,refunded
2026-03-06,ORD-1414,Notatnik A5,1,29.99,completed
2026-03-06,ORD-1415,Czapka z daszkiem,2,119.98,completed
2026-03-06,ORD-1416,Plecak miejski,1,149.99,completed
2026-03-06,ORD-1417,Notatnik A5,2,59.98,completed
2026-03-06,ORD-1418,Koszulka Premium,1,79.99,completed
2026-03-06,ORD-1419,Torba bawełniana,2,79.98,completed
2026-03-07,ORD-1420,Długopis metalowy,2,39.98,completed
2026-03-07,ORD-1421,Kubek ceramiczny,1,49.99,completed
2026-03-07,ORD-1422,Bidon sportowy,2,69.98,completed
2026-03-07,ORD-1423,Czapka z daszkiem,3,179.97,refunded
2026-03-07,ORD-1424,Długopis metalowy,1,19.99,completed
2026-03-07,ORD-1425,Czapka z daszkiem,1,59.99,completed
2026-03-07,ORD-1426,Plecak miejski,1,149.99,completed
2026-03-07,ORD-1427,Notatnik A5,2,59.98,completed
2026-03-07,ORD-1428,Notatnik A5,1,29.99,refunded
2026-03-07,ORD-1429,Notatnik A5,2,59.98,completed
2026-03-07,ORD-1430,Czapka z daszkiem,1,59.99,completed
2026-03-07,ORD-1431,Notatnik A5,1,29.99,completed
2026-03-07,ORD-1432,Bidon sportowy,2,69.98,refunded
2026-03-08,ORD-1433,Notatnik A5,4,119.96,completed
2026-03-08,ORD-1434,Notatnik A5,2,59.98,completed
2026-03-08,ORD-1435,Notatnik A5,3,89.97,refunded
2026-03-08,ORD-1436,Torba bawełniana,1,39.99,completed
2026-03-08,ORD-1437,Torba bawełniana,1,39.99,completed
2026-03-08,ORD-1438,Kubek ceramiczny,2,99.98,completed
2026-03-08,ORD-1439,Długopis metalowy,1,19.99,completed
2026-03-08,ORD-1440,Czapka z daszkiem,2,119.98,completed
2026-03-08,ORD-1441,Notatnik A5,2,59.98,refunded
2026-03-08,ORD-1442,Torba bawełniana,1,39.99,completed
2026-03-08,ORD-1443,Długopis metalowy,1,19.99,completed
2026-03-08,ORD-1444,Koszulka Premium,4,319.96,completed
2026-03-09,ORD-1445,Koszulka Premium,1,79.99,refunded
2026-03-09,ORD-1446,Plecak miejski,1,149.99,cancelled
2026-03-09,ORD-1447,Czapka z daszkiem,3,179.97,completed
2026-03-09,ORD-1448,Notatnik A5,1,29.99,completed
2026-03-09,ORD-1449,Czapka z daszkiem,2,119.98,refunded
2026-03-09,ORD-1450,Plecak miejski,2,299.98,completed
2026-03-09,ORD-1451,Długopis metalowy,2,39.98,completed
2026-03-09,ORD-1452,Bidon sportowy,1,34.99,completed
2026-03-09,ORD-1453,Długopis metalowy,4,79.96,completed
2026-03-09,ORD-1454,Koszulka Premium,1,79.99,completed
2026-03-09,ORD-1455,Plecak miejski,1,149.99,refunded
2026-03-09,ORD-1456,Plecak miejski,2,299.98,completed
2026-03-09,ORD-1457,Notatnik A5,1,29.99,completed
2026-03-09,ORD-1458,Notatnik A5,2,59.98,completed
2026-03-09,ORD-1459,Plecak miejski,2,299.98,completed
2026-03-09,ORD-1460,Długopis metalowy,1,19.99,cancelled
2026-03-09,ORD-1461,Czapka z daszkiem,2,119.98,completed
2026-03-09,ORD-1462,Torba bawełniana,2,79.98,completed
2026-03-09,ORD-1463,Czapka z daszkiem,1,59.99,completed
2026-03-09,ORD-1464,Kubek ceramiczny,1,49.99,completed
2026-03-09,ORD-1465,Długopis metalowy,1,19.99,completed
2026-03-09,ORD-1466,Torba bawełniana,2,79.98,completed
2026-03-09,ORD-1467,Czapka z daszkiem,2,119.98,completed
2026-03-09,ORD-1468,Czapka z daszkiem,1,59.99,completed
2026-03-09,ORD-1469,Notatnik A5,2,59.98,completed
2026-03-10,ORD-1470,Kubek ceramiczny,1,49.99,refunded
2026-03-10,ORD-1471,Koszulka Premium,3,239.97,completed
2026-03-10,ORD-1472,Koszulka Premium,1,79.99,refunded
2026-03-10,ORD-1473,Bidon sportowy,1,34.99,completed
2026-03-10,ORD-1474,Bidon sportowy,1,34.99,completed
2026-03-10,ORD-1475,Długopis metalowy,2,39.98,refunded
2026-03-10,ORD-1476,Bidon sportowy,1,34.99,completed
2026-03-10,ORD-1477,Koszulka Premium,2,159.98,refunded
2026-03-10,ORD-1478,Bidon sportowy,1,34.99,completed
2026-03-10,ORD-1479,Plecak miejski,1,149.99,completed
2026-03-10,ORD-1480,Kubek ceramiczny,1,49.99,completed
2026-03-10,ORD-1481,Koszulka Premium,1,79.99,completed
2026-03-10,ORD-1482,Czapka z daszkiem,1,59.99,refunded
2026-03-11,ORD-1483,Torba bawełniana,2,79.98,completed
2026-03-11,ORD-1484,Notatnik A5,1,29.99,completed
2026-03-11,ORD-1485,Plecak miejski,1,149.99,completed
2026-03-11,ORD-1486,Torba bawełniana,1,39.99,completed
2026-03-11,ORD-1487,Długopis metalowy,2,39.98,completed
2026-03-11,ORD-1488,Plecak miejski,3,449.97,completed
2026-03-11,ORD-1489,Plecak miejski,2,299.98,completed
2026-03-11,ORD-1490,Długopis metalowy,2,39.98,completed
2026-03-11,ORD-1491,Notatnik A5,3,89.97,completed
2026-03-11,ORD-1492,Koszulka Premium,1,79.99,refunded
2026-03-11,ORD-1493,Długopis metalowy,1,19.99,completed
2026-03-11,ORD-1494,Kubek ceramiczny,3,149.97,refunded
2026-03-12,ORD-1495,Torba bawełniana,1,39.99,completed
2026-03-12,ORD-1496,Koszulka Premium,3,239.97,completed
2026-03-12,ORD-1497,Torba bawełniana,1,39.99,completed
2026-03-12,ORD-1498,Koszulka Premium,1,79.99,completed
2026-03-12,ORD-1499,Czapka z daszkiem,3,179.97,completed
2026-03-12,ORD-1500,Bidon sportowy,3,104.97,completed
2026-03-12,ORD-1501,Bidon sportowy,1,34.99,completed
2026-03-12,ORD-1502,Plecak miejski,1,149.99,completed
2026-03-12,ORD-1503,Czapka z daszkiem,2,119.98,completed
2026-03-12,ORD-1504,Plecak miejski,1,149.99,completed
2026-03-12,ORD-1505,Długopis metalowy,1,19.99,completed
2026-03-12,ORD-1506,Bidon sportowy,1,34.99,completed
2026-03-12,ORD-1507,Torba bawełniana,1,39.99,completed
2026-03-12,ORD-1508,Notatnik A5,2,59.98,completed
2026-03-12,ORD-1509,Czapka z daszkiem,1,59.99,completed
2026-03-12,ORD-1510,Długopis metalowy,2,39.98,completed
2026-03-12,ORD-1511,Koszulka Premium,1,79.99,refunded
2026-03-12,ORD-1512,Koszulka Premium,2,159.98,completed
2026-03-13,ORD-1513,Czapka z daszkiem,1,59.99,completed
2026-03-13,ORD-1514,Czapka z daszkiem,2,119.98,completed
2026-03-13,ORD-1515,Bidon sportowy,1,34.99,completed
2026-03-13,ORD-1516,Notatnik A5,1,29.99,completed
2026-03-13,ORD-1517,Długopis metalowy,1,19.99,refunded
2026-03-13,ORD-1518,Torba bawełniana,2,79.98,completed
2026-03-13,ORD-1519,Bidon sportowy,1,34.99,refunded
2026-03-13,ORD-1520,Torba bawełniana,4,159.96,completed
2026-03-13,ORD-1521,Kubek ceramiczny,2,99.98,completed
2026-03-13,ORD-1522,Kubek ceramiczny,1,49.99,completed
2026-03-13,ORD-1523,Koszulka Premium,2,159.98,completed
2026-03-13,ORD-1524,Plecak miejski,1,149.99,completed
2026-03-13,ORD-1525,Koszulka Premium,1,79.99,completed
2026-03-14,ORD-1526,Notatnik A5,1,29.99,completed
2026-03-14,ORD-1527,Koszulka Premium,1,79.99,refunded
2026-03-14,ORD-1528,Torba bawełniana,1,39.99,completed
2026-03-14,ORD-1529,Bidon sportowy,3,104.97,completed
2026-03-14,ORD-1530,Bidon sportowy,2,69.98,completed
2026-03-14,ORD-1531,Długopis metalowy,2,39.98,refunded
2026-03-14,ORD-1532,Plecak miejski,1,149.99,completed
2026-03-14,ORD-1533,Plecak miejski,2,299.98,completed
2026-03-14,ORD-1534,Plecak miejski,1,149.99,completed
2026-03-14,ORD-1535,Czapka z daszkiem,1,59.99,completed
2026-03-14,ORD-1536,Długopis metalowy,2,39.98,refunded
2026-03-14,ORD-1537,Notatnik A5,2,59.98,refunded
2026-03-14,ORD-1538,Długopis metalowy,1,19.99,refunded
2026-03-14,ORD-1539,Bidon sportowy,1,34.99,refunded
2026-03-14,ORD-1540,Notatnik A5,1,29.99,refunded
2026-03-14,ORD-1541,Kubek ceramiczny,1,49.99,completed
2026-03-14,ORD-1542,Bidon sportowy,1,34.99,completed
2026-03-14,ORD-1543,Plecak miejski,3,449.97,completed
2026-03-14,ORD-1544,Kubek ceramiczny,2,99.98,completed
2026-03-14,ORD-1545,Torba bawełniana,1,39.99,completed
2026-03-14,ORD-1546,Długopis metalowy,1,19.99,refunded
2026-03-14,ORD-1547,Długopis metalowy,1,19.99,completed
2026-03-14,ORD-1548,Kubek ceramiczny,1,49.99,completed
2026-03-15,ORD-1549,Długopis metalowy,1,19.99,completed
2026-03-15,ORD-1550,Bidon sportowy,2,69.98,completed
2026-03-15,ORD-1551,Długopis metalowy,1,19.99,completed
2026-03-15,ORD-1552,Czapka z daszkiem,1,59.99,refunded
2026-03-15,ORD-1553,Notatnik A5,2,59.98,completed
2026-03-15,ORD-1554,Torba bawełniana,1,39.99,completed
2026-03-15,ORD-1555,Plecak miejski,1,149.99,completed
2026-03-15,ORD-1556,Długopis metalowy,2,39.98,completed
2026-03-15,ORD-1557,Czapka z daszkiem,3,179.97,completed
2026-03-15,ORD-1558,Kubek ceramiczny,2,99.98,completed
2026-03-15,ORD-1559,Czapka z daszkiem,1,59.99,completed
2026-03-15,ORD-1560,Długopis metalowy,2,39.98,refunded
2026-03-15,ORD-1561,Czapka z daszkiem,1,59.99,completed
2026-03-15,ORD-1562,Bidon sportowy,1,34.99,completed
2026-03-15,ORD-1563,Kubek ceramiczny,1,49.99,completed
2026-03-15,ORD-1564,Długopis metalowy,2,39.98,completed
2026-03-15,ORD-1565,Bidon sportowy,4,139.96,completed
2026-03-16,ORD-1566,Kubek ceramiczny,1,49.99,completed
2026-03-16,ORD-1567,Torba bawełniana,1,39.99,completed
2026-03-16,ORD-1568,Długopis metalowy,1,19.99,refunded
2026-03-16,ORD-1569,Bidon sportowy,3,104.97,completed
2026-03-16,ORD-1570,Długopis metalowy,1,19.99,completed
2026-03-16,ORD-1571,Czapka z daszkiem,1,59.99,completed
2026-03-16,ORD-1572,Czapka z daszkiem,1,59.99,completed
2026-03-16,ORD-1573,Kubek ceramiczny,1,49.99,refunded
2026-03-17,ORD-1574,Długopis metalowy,1,19.99,completed
2026-03-17,ORD-1575,Czapka z daszkiem,1,59.99,completed
2026-03-17,ORD-1576,Bidon sportowy,1,34.99,completed
2026-03-17,ORD-1577,Czapka z daszkiem,1,59.99,completed
2026-03-17,ORD-1578,Torba bawełniana,1,39.99,completed
2026-03-17,ORD-1579,Kubek ceramiczny,2,99.98,completed
2026-03-17,ORD-1580,Torba bawełniana,1,39.99,completed
2026-03-17,ORD-1581,Plecak miejski,1,149.99,completed
2026-03-17,ORD-1582,Plecak miejski,1,149.99,completed
2026-03-17,ORD-1583,Notatnik A5,3,89.97,completed
2026-03-17,ORD-1584,Plecak miejski,1,149.99,completed
2026-03-17,ORD-1585,Długopis metalowy,1,19.99,refunded
2026-03-17,ORD-1586,Bidon sportowy,1,34.99,completed
2026-03-17,ORD-1587,Długopis metalowy,1,19.99,refunded
2026-03-17,ORD-1588,Plecak miejski,2,299.98,completed
2026-03-17,ORD-1589,Koszulka Premium,1,79.99,completed
2026-03-17,ORD-1590,Czapka z daszkiem,1,59.99,completed
2026-03-17,ORD-1591,Czapka z daszkiem,1,59.99,refunded
2026-03-17,ORD-1592,Torba bawełniana,1,39.99,completed
2026-03-17,ORD-1593,Długopis metalowy,2,39.98,completed
2026-03-17,ORD-1594,Czapka z daszkiem,1,59.99,completed
2026-03-17,ORD-1595,Plecak miejski,1,149.99,completed
2026-03-17,ORD-1596,Czapka z daszkiem,1,59.99,cancelled
2026-03-17,ORD-1597,Torba bawełniana,1,39.99,cancelled
2026-03-18,ORD-1598,Kubek ceramiczny,1,49.99,cancelled
2026-03-18,ORD-1599,Torba bawełniana,1,39.99,completed
2026-03-18,ORD-1600,Bidon sportowy,1,34.99,completed
2026-03-18,ORD-1601,Torba bawełniana,2,79.98,completed
2026-03-18,ORD-1602,Długopis metalowy,1,19.99,completed
2026-03-18,ORD-1603,Notatnik A5,4,119.96,completed
2026-03-18,ORD-1604,Kubek ceramiczny,1,49.99,completed
2026-03-18,ORD-1605,Koszulka Premium,4,319.96,refunded
2026-03-18,ORD-1606,Długopis metalowy,1,19.99,completed
2026-03-18,ORD-1607,Bidon sportowy,1,34.99,completed
2026-03-19,ORD-1608,Kubek ceramiczny,1,49.99,completed
2026-03-19,ORD-1609,Plecak miejski,1,149.99,completed
2026-03-19,ORD-1610,Kubek ceramiczny,2,99.98,completed
2026-03-19,ORD-1611,Plecak miejski,3,449.97,completed
2026-03-19,ORD-1612,Bidon sportowy,2,69.98,completed
2026-03-19,ORD-1613,Notatnik A5,1,29.99,completed
2026-03-19,ORD-1614,Czapka z daszkiem,2,119.98,completed
2026-03-19,ORD-1615,Koszulka Premium,1,79.99,completed
2026-03-20,ORD-1616,Długopis metalowy,1,19.99,completed
2026-03-20,ORD-1617,Torba bawełniana,4,159.96,completed
2026-03-20,ORD-1618,Notatnik A5,1,29.99,completed
2026-03-20,ORD-1619,Plecak miejski,1,149.99,completed
2026-03-20,ORD-1620,Długopis metalowy,1,19.99,completed
2026-03-20,ORD-1621,Torba bawełniana,1,39.99,refunded
2026-03-20,ORD-1622,Torba bawełniana,1,39.99,completed
2026-03-20,ORD-1623,Czapka z daszkiem,1,59.99,completed
2026-03-20,ORD-1624,Bidon sportowy,2,69.98,completed
2026-03-20,ORD-1625,Kubek ceramiczny,2,99.98,completed
2026-03-20,ORD-1626,Notatnik A5,1,29.99,completed
2026-03-20,ORD-1627,Długopis metalowy,2,39.98,refunded
2026-03-20,ORD-1628,Koszulka Premium,2,159.98,completed
2026-03-20,ORD-1629,Torba bawełniana,2,79.98,completed
2026-03-20,ORD-1630,Czapka z daszkiem,3,179.97,completed
2026-03-21,ORD-1631,Bidon sportowy,1,34.99,completed
2026-03-21,ORD-1632,Kubek ceramiczny,1,49.99,completed
2026-03-21,ORD-1633,Notatnik A5,2,59.98,completed
2026-03-21,ORD-1634,Notatnik A5,1,29.99,completed
2026-03-21,ORD-1635,Bidon sportowy,1,34.99,completed
2026-03-21,ORD-1636,Torba bawełniana,1,39.99,completed
2026-03-21,ORD-1637,Kubek ceramiczny,1,49.99,refunded
2026-03-21,ORD-1638,Plecak miejski,1,149.99,completed
2026-03-21,ORD-1639,Plecak miejski,1,149.99,completed
2026-03-21,ORD-1640,Kubek ceramiczny,1,49.99,completed
2026-03-21,ORD-1641,Koszulka Premium,3,239.97,completed
2026-03-21,ORD-1642,Notatnik A5,2,59.98,completed
2026-03-21,ORD-1643,Bidon sportowy,1,34.99,completed
2026-03-21,ORD-1644,Notatnik A5,1,29.99,completed
2026-03-21,ORD-1645,Długopis metalowy,1,19.99,completed
2026-03-21,ORD-1646,Kubek ceramiczny,1,49.99,completed
2026-03-21,ORD-1647,Torba bawełniana,1,39.99,completed
2026-03-21,ORD-1648,Czapka z daszkiem,2,119.98,completed
2026-03-22,ORD-1649,Długopis metalowy,1,19.99,completed
2026-03-22,ORD-1650,Długopis metalowy,1,19.99,completed
2026-03-22,ORD-1651,Notatnik A5,1,29.99,completed
2026-03-22,ORD-1652,Notatnik A5,2,59.98,completed
2026-03-22,ORD-1653,Plecak miejski,2,299.98,refunded
2026-03-22,ORD-1654,Kubek ceramiczny,1,49.99,refunded
2026-03-22,ORD-1655,Długopis metalowy,1,19.99,refunded
2026-03-22,ORD-1656,Kubek ceramiczny,1,49.99,refunded
2026-03-22,ORD-1657,Koszulka Premium,1,79.99,completed
2026-03-22,ORD-1658,Długopis metalowy,1,19.99,refunded
2026-03-22,ORD-1659,Bidon sportowy,1,34.99,completed
2026-03-22,ORD-1660,Plecak miejski,1,149.99,completed
2026-03-22,ORD-1661,Koszulka Premium,1,79.99,completed
2026-03-22,ORD-1662,Bidon sportowy,1,34.99,completed
2026-03-22,ORD-1663,Notatnik A5,1,29.99,refunded
2026-03-22,ORD-1664,Torba bawełniana,1,39.99,completed
2026-03-22,ORD-1665,Torba bawełniana,1,39.99,completed
2026-03-22,ORD-1666,Torba bawełniana,2,79.98,completed
2026-03-22,ORD-1667,Długopis metalowy,1,19.99,completed
2026-03-22,ORD-1668,Plecak miejski,2,299.98,refunded
2026-03-23,ORD-1669,Notatnik A5,1,29.99,completed
2026-03-23,ORD-1670,Czapka z daszkiem,4,239.96,refunded
2026-03-23,ORD-1671,Notatnik A5,1,29.99,completed
2026-03-23,ORD-1672,Bidon sportowy,2,69.98,completed
2026-03-23,ORD-1673,Kubek ceramiczny,1,49.99,completed
2026-03-23,ORD-1674,Bidon sportowy,1,34.99,completed
2026-03-23,ORD-1675,Długopis metalowy,1,19.99,completed
2026-03-23,ORD-1676,Bidon sportowy,2,69.98,completed
2026-03-23,ORD-1677,Notatnik A5,1,29.99,refunded
2026-03-23,ORD-1678,Kubek ceramiczny,1,49.99,completed
2026-03-23,ORD-1679,Bidon sportowy,1,34.99,completed
2026-03-23,ORD-1680,Czapka z daszkiem,1,59.99,completed
2026-03-24,ORD-1681,Notatnik A5,2,59.98,refunded
2026-03-24,ORD-1682,Plecak miejski,1,149.99,completed
2026-03-24,ORD-1683,Bidon sportowy,1,34.99,completed
2026-03-24,ORD-1684,Długopis metalowy,1,19.99,completed
2026-03-24,ORD-1685,Torba bawełniana,1,39.99,completed
2026-03-24,ORD-1686,Kubek ceramiczny,1,49.99,completed
2026-03-24,ORD-1687,Długopis metalowy,1,19.99,completed
2026-03-24,ORD-1688,Kubek ceramiczny,1,49.99,completed
2026-03-24,ORD-1689,Koszulka Premium,4,319.96,completed
2026-03-25,ORD-1690,Plecak miejski,1,149.99,refunded
2026-03-25,ORD-1691,Bidon sportowy,2,69.98,refunded
2026-03-25,ORD-1692,Bidon sportowy,1,34.99,completed
2026-03-25,ORD-1693,Notatnik A5,1,29.99,completed
2026-03-25,ORD-1694,Torba bawełniana,2,79.98,completed
2026-03-25,ORD-1695,Czapka z daszkiem,1,59.99,completed
2026-03-25,ORD-1696,Torba bawełniana,2,79.98,completed
2026-03-25,ORD-1697,Koszulka Premium,4,319.96,completed
2026-03-25,ORD-1698,Czapka z daszkiem,1,59.99,completed
2026-03-25,ORD-1699,Notatnik A5,1,29.99,completed
2026-03-25,ORD-1700,Notatnik A5,1,29.99,cancelled
2026-03-25,ORD-1701,Torba bawełniana,4,159.96,completed
2026-03-25,ORD-1702,Notatnik A5,1,29.99,completed
2026-03-25,ORD-1703,Torba bawełniana,1,39.99,cancelled
2026-03-25,ORD-1704,Długopis metalowy,1,19.99,completed
2026-03-25,ORD-1705,Plecak miejski,3,449.97,completed
2026-03-25,ORD-1706,Długopis metalowy,1,19.99,completed
2026-03-25,ORD-1707,Czapka z daszkiem,1,59.99,refunded
2026-03-25,ORD-1708,Koszulka Premium,1,79.99,completed
2026-03-25,ORD-1709,Koszulka Premium,1,79.99,completed
2026-03-25,ORD-1710,Plecak miejski,2,299.98,completed
2026-03-25,ORD-1711,Plecak miejski,1,149.99,completed
2026-03-25,ORD-1712,Długopis metalowy,2,39.98,completed
2026-03-25,ORD-1713,Kubek ceramiczny,1,49.99,completed
2026-03-25,ORD-1714,Kubek ceramiczny,1,49.99,completed
2026-03-26,ORD-1715,Bidon sportowy,2,69.98,refunded
2026-03-26,ORD-1716,Długopis metalowy,2,39.98,completed
2026-03-26,ORD-1717,Plecak miejski,1,149.99,completed
2026-03-26,ORD-1718,Notatnik A5,2,59.98,completed
2026-03-26,ORD-1719,Koszulka Premium,3,239.97,completed
2026-03-26,ORD-1720,Koszulka Premium,1,79.99,completed
2026-03-26,ORD-1721,Torba bawełniana,2,79.98,completed
2026-03-26,ORD-1722,Plecak miejski,2,299.98,completed
2026-03-26,ORD-1723,Długopis metalowy,2,39.98,refunded
2026-03-26,ORD-1724,Plecak miejski,1,149.99,completed
2026-03-26,ORD-1725,Kubek ceramiczny,1,49.99,completed
2026-03-26,ORD-1726,Koszulka Premium,1,79.99,completed
2026-03-26,ORD-1727,Bidon sportowy,1,34.99,completed
2026-03-26,ORD-1728,Kubek ceramiczny,2,99.98,completed
2026-03-26,ORD-1729,Torba bawełniana,1,39.99,completed
2026-03-26,ORD-1730,Notatnik A5,1,29.99,refunded
2026-03-26,ORD-1731,Plecak miejski,1,149.99,completed
2026-03-26,ORD-1732,Kubek ceramiczny,1,49.99,cancelled
2026-03-26,ORD-1733,Koszulka Premium,1,79.99,completed
2026-03-26,ORD-1734,Bidon sportowy,1,34.99,completed
2026-03-26,ORD-1735,Torba bawełniana,1,39.99,completed
2026-03-27,ORD-1736,Kubek ceramiczny,1,49.99,completed
2026-03-27,ORD-1737,Długopis metalowy,1,19.99,refunded
2026-03-27,ORD-1738,Czapka z daszkiem,1,59.99,completed
2026-03-27,ORD-1739,Notatnik A5,4,119.96,refunded
2026-03-27,ORD-1740,Bidon sportowy,1,34.99,completed
2026-03-27,ORD-1741,Bidon sportowy,1,34.99,completed
2026-03-27,ORD-1742,Czapka z daszkiem,1,59.99,completed
2026-03-27,ORD-1743,Notatnik A5,1,29.99,completed
2026-03-27,ORD-1744,Kubek ceramiczny,1,49.99,completed
2026-03-27,ORD-1745,Torba bawełniana,1,39.99,completed
2026-03-27,ORD-1746,Bidon sportowy,4,139.96,completed
2026-03-27,ORD-1747,Torba bawełniana,1,39.99,completed
2026-03-28,ORD-1748,Długopis metalowy,1,19.99,refunded
2026-03-28,ORD-1749,Długopis metalowy,4,79.96,refunded
2026-03-28,ORD-1750,Bidon sportowy,1,34.99,completed
2026-03-28,ORD-1751,Długopis metalowy,2,39.98,completed
2026-03-28,ORD-1752,Kubek ceramiczny,1,49.99,completed
2026-03-28,ORD-1753,Notatnik A5,1,29.99,refunded
2026-03-28,ORD-1754,Bidon sportowy,1,34.99,completed
2026-03-28,ORD-1755,Kubek ceramiczny,3,149.97,refunded
2026-03-28,ORD-1756,Notatnik A5,3,89.97,completed
2026-03-28,ORD-1757,Notatnik A5,1,29.99,completed
2026-03-28,ORD-1758,Koszulka Premium,1,79.99,completed
2026-03-28,ORD-1759,Bidon sportowy,1,34.99,completed
2026-03-28,ORD-1760,Torba bawełniana,1,39.99,completed
2026-03-28,ORD-1761,Plecak miejski,1,149.99,completed
2026-03-28,ORD-1762,Notatnik A5,2,59.98,completed
2026-03-28,ORD-1763,Torba bawełniana,1,39.99,refunded
2026-03-28,ORD-1764,Plecak miejski,1,149.99,completed
2026-03-28,ORD-1765,Torba bawełniana,1,39.99,completed
2026-03-28,ORD-1766,Czapka z daszkiem,2,119.98,completed
2026-03-29,ORD-1767,Bidon sportowy,1,34.99,completed
2026-03-29,ORD-1768,Koszulka Premium,1,79.99,completed
2026-03-29,ORD-1769,Koszulka Premium,1,79.99,completed
2026-03-29,ORD-1770,Torba bawełniana,1,39.99,completed
2026-03-29,ORD-1771,Kubek ceramiczny,2,99.98,completed
2026-03-29,ORD-1772,Czapka z daszkiem,1,59.99,completed
2026-03-29,ORD-1773,Plecak miejski,1,149.99,completed
2026-03-29,ORD-1774,Kubek ceramiczny,1,49.99,completed
2026-03-29,ORD-1775,Torba bawełniana,3,119.97,completed
2026-03-29,ORD-1776,Notatnik A5,2,59.98,completed
2026-03-29,ORD-1777,Koszulka Premium,1,79.99,completed
2026-03-29,ORD-1778,Koszulka Premium,1,79.99,completed
2026-03-29,ORD-1779,Notatnik A5,1,29.99,completed
2026-03-29,ORD-1780,Notatnik A5,1,29.99,completed
2026-03-29,ORD-1781,Bidon sportowy,1,34.99,completed
2026-03-29,ORD-1782,Plecak miejski,1,149.99,completed
2026-03-29,ORD-1783,Kubek ceramiczny,1,49.99,completed
2026-03-29,ORD-1784,Plecak miejski,3,449.97,completed
2026-03-29,ORD-1785,Notatnik A5,1,29.99,completed
2026-03-29,ORD-1786,Koszulka Premium,2,159.98,completed
2026-03-29,ORD-1787,Plecak miejski,2,299.98,completed
2026-03-29,ORD-1788,Notatnik A5,1,29.99,completed
2026-03-29,ORD-1789,Koszulka Premium,1,79.99,cancelled
2026-03-29,ORD-1790,Plecak miejski,2,299.98,completed
2026-03-29,ORD-1791,Czapka z daszkiem,3,179.97,completed
2026-03-29,ORD-1792,Długopis metalowy,2,39.98,completed
2026-03-29,ORD-1793,Kubek ceramiczny,1,49.99,completed
2026-03-30,ORD-1794,Długopis metalowy,3,59.97,completed
2026-03-30,ORD-1795,Torba bawełniana,1,39.99,completed
2026-03-30,ORD-1796,Plecak miejski,1,149.99,completed
2026-03-30,ORD-1797,Kubek ceramiczny,1,49.99,completed
2026-03-30,ORD-1798,Kubek ceramiczny,1,49.99,refunded
2026-03-30,ORD-1799,Bidon sportowy,1,34.99,completed
2026-03-30,ORD-1800,Długopis metalowy,1,19.99,completed
2026-03-30,ORD-1801,Czapka z daszkiem,1,59.99,completed
2026-03-30,ORD-1802,Kubek ceramiczny,1,49.99,completed
2026-03-30,ORD-1803,Koszulka Premium,1,79.99,completed
2026-03-30,ORD-1804,Długopis metalowy,1,19.99,completed
2026-03-30,ORD-1805,Kubek ceramiczny,1,49.99,completed
2026-03-30,ORD-1806,Bidon sportowy,4,139.96,refunded
2026-03-30,ORD-1807,Torba bawełniana,2,79.98,completed
2026-03-30,ORD-1808,Torba bawełniana,1,39.99,completed
2026-03-30,ORD-1809,Torba bawełniana,2,79.98,refunded
2026-03-31,ORD-1810,Koszulka Premium,1,79.99,completed
2026-03-31,ORD-1811,Plecak miejski,1,149.99,completed
2026-03-31,ORD-1812,Czapka z daszkiem,1,59.99,completed
2026-03-31,ORD-1813,Bidon sportowy,1,34.99,completed
2026-03-31,ORD-1814,Torba bawełniana,2,79.98,completed
2026-03-31,ORD-1815,Plecak miejski,2,299.98,completed
2026-03-31,ORD-1816,Notatnik A5,2,59.98,completed
2026-03-31,ORD-1817,Koszulka Premium,2,159.98,refunded
2026-03-31,ORD-1818,Kubek ceramiczny,1,49.99,completed
2026-03-31,ORD-1819,Czapka z daszkiem,2,119.98,completed
2026-03-31,ORD-1820,Koszulka Premium,1,79.99,completed
2026-04-01,ORD-1821,Długopis metalowy,1,19.99,completed
2026-04-01,ORD-1822,Kubek ceramiczny,1,49.99,completed
2026-04-01,ORD-1823,Torba bawełniana,2,79.98,completed
2026-04-01,ORD-1824,Plecak miejski,2,299.98,refunded
2026-04-01,ORD-1825,Czapka z daszkiem,3,179.97,completed
2026-04-01,ORD-1826,Torba bawełniana,1,39.99,completed
2026-04-01,ORD-1827,Czapka z daszkiem,1,59.99,completed
2026-04-01,ORD-1828,Kubek ceramiczny,3,149.97,completed
2026-04-01,ORD-1829,Notatnik A5,1,29.99,completed
2026-04-02,ORD-1830,Plecak miejski,1,149.99,completed
2026-04-02,ORD-1831,Koszulka Premium,1,79.99,completed
2026-04-02,ORD-1832,Plecak miejski,1,149.99,completed
2026-04-02,ORD-1833,Kubek ceramiczny,1,49.99,refunded
2026-04-02,ORD-1834,Bidon sportowy,4,139.96,completed
2026-04-02,ORD-1835,Czapka z daszkiem,2,119.98,completed
2026-04-02,ORD-1836,Kubek ceramiczny,1,49.99,completed
2026-04-02,ORD-1837,Długopis metalowy,1,19.99,completed
2026-04-02,ORD-1838,Czapka z daszkiem,1,59.99,completed
2026-04-02,ORD-1839,Koszulka Premium,3,239.97,completed
2026-04-02,ORD-1840,Długopis metalowy,1,19.99,completed
2026-04-02,ORD-1841,Czapka z daszkiem,1,59.99,completed
2026-04-02,ORD-1842,Torba bawełniana,4,159.96,completed
2026-04-02,ORD-1843,Kubek ceramiczny,1,49.99,completed
2026-04-02,ORD-1844,Bidon sportowy,1,34.99,completed
2026-04-03,ORD-1845,Koszulka Premium,2,159.98,completed
2026-04-03,ORD-1846,Czapka z daszkiem,3,179.97,completed
2026-04-03,ORD-1847,Torba bawełniana,1,39.99,completed
2026-04-03,ORD-1848,Bidon sportowy,1,34.99,completed
2026-04-03,ORD-1849,Czapka z daszkiem,1,59.99,completed
2026-04-03,ORD-1850,Czapka z daszkiem,2,119.98,completed
2026-04-03,ORD-1851,Koszulka Premium,1,79.99,refunded
2026-04-03,ORD-1852,Notatnik A5,3,89.97,completed
2026-04-03,ORD-1853,Czapka z daszkiem,4,239.96,refunded
2026-04-04,ORD-1854,Czapka z daszkiem,2,119.98,completed
2026-04-04,ORD-1855,Kubek ceramiczny,2,99.98,completed
2026-04-04,ORD-1856,Notatnik A5,1,29.99,refunded
2026-04-04,ORD-1857,Długopis metalowy,1,19.99,completed
2026-04-04,ORD-1858,Bidon sportowy,1,34.99,completed
2026-04-04,ORD-1859,Bidon sportowy,1,34.99,completed
2026-04-04,ORD-1860,Plecak miejski,1,149.99,completed
2026-04-04,ORD-1861,Kubek ceramiczny,2,99.98,completed
2026-04-04,ORD-1862,Długopis metalowy,4,79.96,completed
2026-04-04,ORD-1863,Bidon sportowy,2,69.98,completed
2026-04-05,ORD-1864,Długopis metalowy,2,39.98,completed
2026-04-05,ORD-1865,Kubek ceramiczny,1,49.99,completed
2026-04-05,ORD-1866,Bidon sportowy,1,34.99,completed
2026-04-05,ORD-1867,Torba bawełniana,1,39.99,refunded
2026-04-05,ORD-1868,Czapka z daszkiem,2,119.98,completed
2026-04-05,ORD-1869,Notatnik A5,2,59.98,completed
2026-04-05,ORD-1870,Torba bawełniana,1,39.99,completed
2026-04-05,ORD-1871,Plecak miejski,3,449.97,completed
2026-04-05,ORD-1872,Długopis metalowy,1,19.99,completed
2026-04-05,ORD-1873,Kubek ceramiczny,2,99.98,completed
2026-04-05,ORD-1874,Bidon sportowy,2,69.98,completed
2026-04-05,ORD-1875,Bidon sportowy,2,69.98,refunded
2026-04-05,ORD-1876,Długopis metalowy,1,19.99,completed
2026-04-05,ORD-1877,Długopis metalowy,4,79.96,refunded
2026-04-05,ORD-1878,Koszulka Premium,2,159.98,completed
2026-04-05,ORD-1879,Koszulka Premium,1,79.99,completed
2026-04-05,ORD-1880,Torba bawełniana,2,79.98,completed
2026-04-05,ORD-1881,Notatnik A5,2,59.98,completed
2026-04-05,ORD-1882,Bidon sportowy,4,139.96,refunded
2026-04-05,ORD-1883,Koszulka Premium,1,79.99,completed
2026-04-05,ORD-1884,Czapka z daszkiem,2,119.98,completed
2026-04-05,ORD-1885,Plecak miejski,2,299.98,completed
2026-04-05,ORD-1886,Torba bawełniana,1,39.99,completed
2026-04-05,ORD-1887,Długopis metalowy,4,79.96,refunded
2026-04-06,ORD-1888,Długopis metalowy,1,19.99,completed
2026-04-06,ORD-1889,Długopis metalowy,1,19.99,completed
2026-04-06,ORD-1890,Notatnik A5,1,29.99,completed
2026-04-06,ORD-1891,Plecak miejski,1,149.99,refunded
2026-04-06,ORD-1892,Długopis metalowy,1,19.99,refunded
2026-04-06,ORD-1893,Torba bawełniana,3,119.97,completed
2026-04-06,ORD-1894,Notatnik A5,1,29.99,completed
2026-04-06,ORD-1895,Koszulka Premium,1,79.99,completed
2026-04-07,ORD-1896,Torba bawełniana,4,159.96,completed
2026-04-07,ORD-1897,Kubek ceramiczny,1,49.99,completed
2026-04-07,ORD-1898,Plecak miejski,1,149.99,completed
2026-04-07,ORD-1899,Notatnik A5,3,89.97,completed
2026-04-07,ORD-1900,Kubek ceramiczny,1,49.99,refunded
2026-04-07,ORD-1901,Koszulka Premium,2,159.98,completed
2026-04-07,ORD-1902,Torba bawełniana,3,119.97,refunded
2026-04-07,ORD-1903,Bidon sportowy,2,69.98,completed
2026-04-07,ORD-1904,Długopis metalowy,1,19.99,refunded
2026-04-07,ORD-1905,Kubek ceramiczny,1,49.99,completed
2026-04-07,ORD-1906,Torba bawełniana,3,119.97,completed
2026-04-07,ORD-1907,Bidon sportowy,1,34.99,completed
2026-04-07,ORD-1908,Koszulka Premium,2,159.98,completed
2026-04-07,ORD-1909,Koszulka Premium,2,159.98,completed
2026-04-07,ORD-1910,Kubek ceramiczny,1,49.99,completed
2026-04-08,ORD-1911,Koszulka Premium,1,79.99,refunded
2026-04-08,ORD-1912,Bidon sportowy,2,69.98,completed
2026-04-08,ORD-1913,Długopis metalowy,1,19.99,completed
2026-04-08,ORD-1914,Plecak miejski,4,599.96,completed
2026-04-08,ORD-1915,Długopis metalowy,1,19.99,completed
2026-04-08,ORD-1916,Kubek ceramiczny,1,49.99,completed
2026-04-08,ORD-1917,Plecak miejski,1,149.99,completed
2026-04-08,ORD-1918,Długopis metalowy,1,19.99,completed
2026-04-08,ORD-1919,Torba bawełniana,1,39.99,completed
2026-04-08,ORD-1920,Koszulka Premium,3,239.97,completed
2026-04-08,ORD-1921,Czapka z daszkiem,2,119.98,completed
2026-04-08,ORD-1922,Notatnik A5,1,29.99,completed
2026-04-08,ORD-1923,Plecak miejski,1,149.99,completed
2026-04-08,ORD-1924,Notatnik A5,2,59.98,completed
2026-04-09,ORD-1925,Notatnik A5,2,59.98,completed
2026-04-09,ORD-1926,Plecak miejski,4,599.96,completed
2026-04-09,ORD-1927,Torba bawełniana,2,79.98,completed
2026-04-09,ORD-1928,Plecak miejski,1,149.99,completed
2026-04-09,ORD-1929,Czapka z daszkiem,1,59.99,completed
2026-04-09,ORD-1930,Kubek ceramiczny,1,49.99,completed
2026-04-09,ORD-1931,Długopis metalowy,3,59.97,completed
2026-04-09,ORD-1932,Kubek ceramiczny,2,99.98,completed
2026-04-09,ORD-1933,Koszulka Premium,2,159.98,completed
2026-04-09,ORD-1934,Torba bawełniana,3,119.97,completed
2026-04-10,ORD-1935,Plecak miejski,1,149.99,completed
2026-04-10,ORD-1936,Notatnik A5,1,29.99,refunded
2026-04-10,ORD-1937,Plecak miejski,1,149.99,completed
2026-04-10,ORD-1938,Długopis metalowy,2,39.98,refunded
2026-04-10,ORD-1939,Długopis metalowy,2,39.98,completed
2026-04-11,ORD-1940,Czapka z daszkiem,1,59.99,completed
2026-04-11,ORD-1941,Torba bawełniana,1,39.99,completed
2026-04-11,ORD-1942,Czapka z daszkiem,3,179.97,completed
2026-04-11,ORD-1943,Kubek ceramiczny,2,99.98,completed
2026-04-11,ORD-1944,Notatnik A5,1,29.99,completed
2026-04-11,ORD-1945,Bidon sportowy,1,34.99,completed
2026-04-11,ORD-1946,Notatnik A5,1,29.99,completed
2026-04-11,ORD-1947,Plecak miejski,2,299.98,completed
2026-04-11,ORD-1948,Koszulka Premium,1,79.99,completed
2026-04-11,ORD-1949,Kubek ceramiczny,1,49.99,completed
2026-04-11,ORD-1950,Długopis metalowy,1,19.99,refunded
2026-04-11,ORD-1951,Torba bawełniana,1,39.99,refunded
2026-04-11,ORD-1952,Czapka z daszkiem,1,59.99,completed
2026-04-11,ORD-1953,Bidon sportowy,1,34.99,completed
2026-04-11,ORD-1954,Długopis metalowy,1,19.99,completed
2026-04-11,ORD-1955,Długopis metalowy,1,19.99,completed
2026-04-11,ORD-1956,Bidon sportowy,1,34.99,refunded
2026-04-11,ORD-1957,Notatnik A5,3,89.97,completed
2026-04-11,ORD-1958,Czapka z daszkiem,3,179.97,completed
2026-04-12,ORD-1959,Długopis metalowy,2,39.98,refunded
2026-04-12,ORD-1960,Plecak miejski,3,449.97,refunded
2026-04-12,ORD-1961,Bidon sportowy,1,34.99,completed
2026-04-12,ORD-1962,Bidon sportowy,2,69.98,completed
2026-04-12,ORD-1963,Koszulka Premium,3,239.97,completed
2026-04-12,ORD-1964,Kubek ceramiczny,1,49.99,completed
2026-04-12,ORD-1965,Koszulka Premium,3,239.97,completed
2026-04-12,ORD-1966,Bidon sportowy,1,34.99,completed
2026-04-12,ORD-1967,Torba bawełniana,3,119.97,completed
2026-04-12,ORD-1968,Plecak miejski,1,149.99,completed
2026-04-12,ORD-1969,Kubek ceramiczny,1,49.99,completed
2026-04-12,ORD-1970,Kubek ceramiczny,1,49.99,completed
2026-04-12,ORD-1971,Torba bawełniana,1,39.99,refunded
2026-04-12,ORD-1972,Kubek ceramiczny,1,49.99,completed
2026-04-12,ORD-1973,Plecak miejski,1,149.99,completed
2026-04-12,ORD-1974,Notatnik A5,1,29.99,completed
2026-04-12,ORD-1975,Notatnik A5,4,119.96,completed
2026-04-12,ORD-1976,Czapka z daszkiem,1,59.99,completed
2026-04-12,ORD-1977,Notatnik A5,1,29.99,completed
2026-04-12,ORD-1978,Długopis metalowy,3,59.97,completed
2026-04-12,ORD-1979,Czapka z daszkiem,2,119.98,completed
2026-04-12,ORD-1980,Bidon sportowy,2,69.98,completed
2026-04-12,ORD-1981,Koszulka Premium,1,79.99,refunded
2026-04-13,ORD-1982,Długopis metalowy,1,19.99,refunded
2026-04-13,ORD-1983,Notatnik A5,1,29.99,refunded
2026-04-13,ORD-1984,Bidon sportowy,3,104.97,completed
2026-04-14,ORD-1985,Długopis metalowy,2,39.98,completed
2026-04-14,ORD-1986,Notatnik A5,1,29.99,completed
2026-04-14,ORD-1987,Torba bawełniana,2,79.98,completed
2026-04-14,ORD-1988,Koszulka Premium,4,319.96,completed
2026-04-14,ORD-1989,Bidon sportowy,1,34.99,completed
2026-04-14,ORD-1990,Koszulka Premium,2,159.98,refunded
2026-04-14,ORD-1991,Notatnik A5,2,59.98,completed
2026-04-14,ORD-1992,Plecak miejski,4,599.96,completed
2026-04-14,ORD-1993,Torba bawełniana,1,39.99,refunded
2026-04-14,ORD-1994,Długopis metalowy,1,19.99,refunded
2026-04-14,ORD-1995,Notatnik A5,1,29.99,completed
2026-04-14,ORD-1996,Notatnik A5,3,89.97,completed
2026-04-15,ORD-1997,Bidon sportowy,1,34.99,completed
2026-04-15,ORD-1998,Czapka z daszkiem,2,119.98,completed
2026-04-15,ORD-1999,Czapka z daszkiem,1,59.99,completed
2026-04-15,ORD-2000,Torba bawełniana,2,79.98,completed
2026-04-15,ORD-2001,Plecak miejski,1,149.99,completed
2026-04-15,ORD-2002,Torba bawełniana,1,39.99,completed
2026-04-15,ORD-2003,Plecak miejski,1,149.99,completed
2026-04-15,ORD-2004,Plecak miejski,1,149.99,completed
2026-04-15,ORD-2005,Torba bawełniana,1,39.99,completed
2026-04-15,ORD-2006,Notatnik A5,1,29.99,completed
2026-04-15,ORD-2007,Plecak miejski,1,149.99,completed
2026-04-15,ORD-2008,Czapka z daszkiem,2,119.98,completed
2026-04-16,ORD-2009,Czapka z daszkiem,3,179.97,completed
2026-04-16,ORD-2010,Notatnik A5,1,29.99,cancelled
2026-04-16,ORD-2011,Notatnik A5,1,29.99,refunded
2026-04-16,ORD-2012,Bidon sportowy,1,34.99,completed
2026-04-16,ORD-2013,Bidon sportowy,3,104.97,completed
2026-04-17,ORD-2014,Czapka z daszkiem,1,59.99,completed
2026-04-17,ORD-2015,Bidon sportowy,1,34.99,completed
2026-04-17,ORD-2016,Notatnik A5,1,29.99,completed
2026-04-17,ORD-2017,Plecak miejski,1,149.99,completed
2026-04-17,ORD-2018,Plecak miejski,1,149.99,completed
2026-04-17,ORD-2019,Długopis metalowy,4,79.96,completed
2026-04-17,ORD-2020,Notatnik A5,2,59.98,completed
2026-04-17,ORD-2021,Torba bawełniana,1,39.99,refunded
2026-04-17,ORD-2022,Koszulka Premium,1,79.99,completed
2026-04-17,ORD-2023,Plecak miejski,2,299.98,completed
2026-04-17,ORD-2024,Koszulka Premium,1,79.99,refunded
2026-04-18,ORD-2025,Czapka z daszkiem,2,119.98,completed
2026-04-18,ORD-2026,Notatnik A5,1,29.99,completed
2026-04-18,ORD-2027,Torba bawełniana,1,39.99,completed
2026-04-18,ORD-2028,Notatnik A5,1,29.99,completed
2026-04-18,ORD-2029,Czapka z daszkiem,3,179.97,completed
2026-04-18,ORD-2030,Długopis metalowy,3,59.97,completed
2026-04-18,ORD-2031,Bidon sportowy,2,69.98,completed
2026-04-18,ORD-2032,Kubek ceramiczny,1,49.99,completed
2026-04-18,ORD-2033,Notatnik A5,2,59.98,completed
2026-04-18,ORD-2034,Czapka z daszkiem,2,119.98,completed
2026-04-18,ORD-2035,Czapka z daszkiem,1,59.99,refunded
2026-04-19,ORD-2036,Notatnik A5,3,89.97,refunded
2026-04-19,ORD-2037,Długopis metalowy,1,19.99,completed
2026-04-19,ORD-2038,Czapka z daszkiem,1,59.99,completed
2026-04-19,ORD-2039,Kubek ceramiczny,1,49.99,refunded
2026-04-19,ORD-2040,Bidon sportowy,1,34.99,completed
2026-04-19,ORD-2041,Długopis metalowy,1,19.99,refunded
2026-04-19,ORD-2042,Plecak miejski,3,449.97,completed
2026-04-19,ORD-2043,Notatnik A5,1,29.99,completed
2026-04-19,ORD-2044,Długopis metalowy,1,19.99,completed
2026-04-19,ORD-2045,Bidon sportowy,1,34.99,completed
2026-04-19,ORD-2046,Plecak miejski,1,149.99,completed
2026-04-19,ORD-2047,Notatnik A5,1,29.99,completed
2026-04-19,ORD-2048,Koszulka Premium,1,79.99,refunded
2026-04-19,ORD-2049,Notatnik A5,1,29.99,completed
2026-04-19,ORD-2050,Czapka z daszkiem,1,59.99,completed
2026-04-19,ORD-2051,Torba bawełniana,2,79.98,completed
2026-04-19,ORD-2052,Bidon sportowy,1,34.99,completed
2026-04-19,ORD-2053,Bidon sportowy,2,69.98,refunded
2026-04-19,ORD-2054,Torba bawełniana,1,39.99,completed
2026-04-19,ORD-2055,Notatnik A5,1,29.99,completed
2026-04-19,ORD-2056,Bidon sportowy,1,34.99,completed
2026-04-20,ORD-2057,Czapka z daszkiem,1,59.99,refunded
2026-04-20,ORD-2058,Koszulka Premium,1,79.99,completed
2026-04-20,ORD-2059,Czapka z daszkiem,2,119.98,completed
2026-04-20,ORD-2060,Czapka z daszkiem,1,59.99,completed
2026-04-20,ORD-2061,Czapka z daszkiem,4,239.96,completed
2026-04-21,ORD-2062,Długopis metalowy,1,19.99,refunded
2026-04-21,ORD-2063,Czapka z daszkiem,1,59.99,completed
2026-04-21,ORD-2064,Bidon sportowy,2,69.98,completed
2026-04-21,ORD-2065,Torba bawełniana,1,39.99,refunded
2026-04-21,ORD-2066,Koszulka Premium,1,79.99,refunded
2026-04-21,ORD-2067,Torba bawełniana,1,39.99,completed
2026-04-21,ORD-2068,Plecak miejski,1,149.99,completed
2026-04-21,ORD-2069,Kubek ceramiczny,1,49.99,completed
2026-04-21,ORD-2070,Koszulka Premium,3,239.97,refunded
2026-04-21,ORD-2071,Bidon sportowy,1,34.99,completed
2026-04-21,ORD-2072,Kubek ceramiczny,1,49.99,completed
2026-04-21,ORD-2073,Czapka z daszkiem,2,119.98,completed
2026-04-22,ORD-2074,Plecak miejski,3,449.97,cancelled
2026-04-22,ORD-2075,Koszulka Premium,1,79.99,completed
2026-04-22,ORD-2076,Kubek ceramiczny,1,49.99,completed
2026-04-22,ORD-2077,Plecak miejski,2,299.98,completed
2026-04-22,ORD-2078,Bidon sportowy,1,34.99,completed
2026-04-23,ORD-2079,Czapka z daszkiem,1,59.99,completed
2026-04-23,ORD-2080,Długopis metalowy,1,19.99,completed
2026-04-23,ORD-2081,Długopis metalowy,1,19.99,completed
2026-04-23,ORD-2082,Notatnik A5,1,29.99,completed
2026-04-23,ORD-2083,Bidon sportowy,2,69.98,completed
2026-04-23,ORD-2084,Plecak miejski,2,299.98,completed
2026-04-23,ORD-2085,Bidon sportowy,1,34.99,completed
2026-04-23,ORD-2086,Długopis metalowy,2,39.98,completed
2026-04-23,ORD-2087,Kubek ceramiczny,1,49.99,refunded
2026-04-23,ORD-2088,Długopis metalowy,1,19.99,refunded
2026-04-23,ORD-2089,Torba bawełniana,1,39.99,completed
2026-04-24,ORD-2090,Notatnik A5,1,29.99,completed
2026-04-24,ORD-2091,Koszulka Premium,3,239.97,completed
2026-04-24,ORD-2092,Kubek ceramiczny,1,49.99,completed
2026-04-24,ORD-2093,Bidon sportowy,2,69.98,refunded
2026-04-24,ORD-2094,Notatnik A5,1,29.99,completed
2026-04-24,ORD-2095,Kubek ceramiczny,3,149.97,refunded
2026-04-25,ORD-2096,Bidon sportowy,1,34.99,completed
2026-04-25,ORD-2097,Długopis metalowy,1,19.99,completed
2026-04-25,ORD-2098,Plecak miejski,2,299.98,completed
2026-04-25,ORD-2099,Kubek ceramiczny,1,49.99,completed
2026-04-25,ORD-2100,Plecak miejski,2,299.98,completed
2026-04-25,ORD-2101,Plecak miejski,3,449.97,completed
2026-04-25,ORD-2102,Plecak miejski,1,149.99,completed
2026-04-25,ORD-2103,Plecak miejski,2,299.98,completed
2026-04-25,ORD-2104,Notatnik A5,1,29.99,completed
2026-04-25,ORD-2105,Koszulka Premium,2,159.98,cancelled
2026-04-25,ORD-2106,Długopis metalowy,4,79.96,completed
2026-04-25,ORD-2107,Torba bawełniana,1,39.99,completed
2026-04-25,ORD-2108,Notatnik A5,3,89.97,completed
2026-04-25,ORD-2109,Długopis metalowy,1,19.99,refunded
2026-04-25,ORD-2110,Notatnik A5,1,29.99,completed
2026-04-25,ORD-2111,Notatnik A5,1,29.99,completed
2026-04-25,ORD-2112,Kubek ceramiczny,2,99.98,completed
2026-04-25,ORD-2113,Kubek ceramiczny,1,49.99,completed
2026-04-26,ORD-2114,Plecak miejski,1,149.99,completed
2026-04-26,ORD-2115,Kubek ceramiczny,3,149.97,completed
2026-04-26,ORD-2116,Koszulka Premium,2,159.98,refunded
2026-04-26,ORD-2117,Koszulka Premium,1,79.99,completed
2026-04-26,ORD-2118,Torba bawełniana,1,39.99,completed
2026-04-26,ORD-2119,Czapka z daszkiem,2,119.98,completed
2026-04-26,ORD-2120,Bidon sportowy,1,34.99,completed
2026-04-26,ORD-2121,Kubek ceramiczny,1,49.99,completed
2026-04-26,ORD-2122,Notatnik A5,1,29.99,completed
2026-04-26,ORD-2123,Długopis metalowy,2,39.98,completed
2026-04-26,ORD-2124,Bidon sportowy,2,69.98,completed
2026-04-26,ORD-2125,Torba bawełniana,1,39.99,completed
2026-04-26,ORD-2126,Kubek ceramiczny,1,49.99,completed
2026-04-26,ORD-2127,Torba bawełniana,1,39.99,refunded
2026-04-26,ORD-2128,Notatnik A5,1,29.99,completed
2026-04-26,ORD-2129,Czapka z daszkiem,2,119.98,completed
2026-04-26,ORD-2130,Torba bawełniana,1,39.99,completed
2026-04-26,ORD-2131,Kubek ceramiczny,1,49.99,completed
2026-04-26,ORD-2132,Długopis metalowy,3,59.97,refunded
2026-04-26,ORD-2133,Kubek ceramiczny,1,49.99,completed
2026-04-26,ORD-2134,Torba bawełniana,1,39.99,completed
2026-04-27,ORD-2135,Długopis metalowy,2,39.98,completed
2026-04-27,ORD-2136,Koszulka Premium,1,79.99,completed
2026-04-27,ORD-2137,Notatnik A5,1,29.99,refunded
2026-04-27,ORD-2138,Bidon sportowy,2,69.98,completed
2026-04-27,ORD-2139,Plecak miejski,3,449.97,completed
2026-04-27,ORD-2140,Bidon sportowy,1,34.99,completed
2026-04-27,ORD-2141,Kubek ceramiczny,3,149.97,completed
2026-04-27,ORD-2142,Kubek ceramiczny,1,49.99,completed
2026-04-27,ORD-2143,Koszulka Premium,1,79.99,completed
2026-04-27,ORD-2144,Czapka z daszkiem,1,59.99,completed
2026-04-28,ORD-2145,Notatnik A5,2,59.98,completed
2026-04-28,ORD-2146,Koszulka Premium,3,239.97,completed
2026-04-28,ORD-2147,Plecak miejski,3,449.97,completed
2026-04-28,ORD-2148,Bidon sportowy,1,34.99,completed
2026-04-28,ORD-2149,Torba bawełniana,1,39.99,completed
2026-04-28,ORD-2150,Notatnik A5,3,89.97,completed
2026-04-28,ORD-2151,Torba bawełniana,2,79.98,completed
2026-04-28,ORD-2152,Torba bawełniana,3,119.97,completed
2026-04-28,ORD-2153,Długopis metalowy,1,19.99,completed
2026-04-29,ORD-2154,Długopis metalowy,1,19.99,completed
2026-04-29,ORD-2155,Kubek ceramiczny,1,49.99,completed
2026-04-29,ORD-2156,Koszulka Premium,2,159.98,completed
2026-04-29,ORD-2157,Bidon sportowy,1,34.99,completed
2026-04-29,ORD-2158,Notatnik A5,1,29.99,refunded
2026-04-29,ORD-2159,Koszulka Premium,2,159.98,completed
2026-04-29,ORD-2160,Torba bawełniana,1,39.99,refunded
2026-04-29,ORD-2161,Kubek ceramiczny,2,99.98,completed
2026-04-29,ORD-2162,Czapka z daszkiem,2,119.98,completed
2026-04-29,ORD-2163,Czapka z daszkiem,1,59.99,completed
2026-04-30,ORD-2164,Bidon sportowy,1,34.99,completed
2026-04-30,ORD-2165,Torba bawełniana,1,39.99,completed
2026-04-30,ORD-2166,Czapka z daszkiem,2,119.98,completed
2026-04-30,ORD-2167,Bidon sportowy,1,34.99,completed
2026-04-30,ORD-2168,Bidon sportowy,2,69.98,completed
2026-04-30,ORD-2169,Koszulka Premium,1,79.99,completed
2026-04-30,ORD-2170,Koszulka Premium,3,239.97,completed
2026-04-30,ORD-2171,Koszulka Premium,1,79.99,completed
2026-04-30,ORD-2172,Koszulka Premium,1,79.99,completed
2026-04-30,ORD-2173,Notatnik A5,1,29.99,completed
2026-04-30,ORD-2174,Koszulka Premium,2,159.98,completed
2026-04-30,ORD-2175,Czapka z daszkiem,1,59.99,completed
2026-04-30,ORD-2176,Długopis metalowy,1,19.99,refunded
2026-04-30,ORD-2177,Czapka z daszkiem,1,59.99,completed
2026-04-30,ORD-2178,Czapka z daszkiem,1,59.99,completed
2026-04-30,ORD-2179,Długopis metalowy,2,39.98,refunded
2026-04-30,ORD-2180,Czapka z daszkiem,2,119.98,completed
2026-04-30,ORD-2181,Długopis metalowy,1,19.99,completed
2026-04-30,ORD-2182,Plecak miejski,1,149.99,completed
2026-04-30,ORD-2183,Długopis metalowy,1,19.99,completed
2026-05-01,ORD-2184,Czapka z daszkiem,1,59.99,completed
2026-05-01,ORD-2185,Torba bawełniana,1,39.99,refunded
2026-05-01,ORD-2186,Czapka z daszkiem,3,179.97,refunded
2026-05-01,ORD-2187,Czapka z daszkiem,1,59.99,completed
2026-05-01,ORD-2188,Bidon sportowy,1,34.99,refunded
2026-05-01,ORD-2189,Notatnik A5,2,59.98,completed
2026-05-01,ORD-2190,Koszulka Premium,1,79.99,completed
2026-05-01,ORD-2191,Długopis metalowy,3,59.97,completed
2026-05-01,ORD-2192,Notatnik A5,1,29.99,refunded
2026-05-01,ORD-2193,Długopis metalowy,1,19.99,completed
2026-05-01,ORD-2194,Długopis metalowy,4,79.96,completed
2026-05-01,ORD-2195,Koszulka Premium,1,79.99,completed
2026-05-01,ORD-2196,Bidon sportowy,2,69.98,completed
